{"average_exact_match": 59.34959349593496, "average_f1": 59.34959349593496, "exact_match_has_ans": 0, "f1_has_ans": 0, "exact_match_no_ans": 59.34959349593496, "f1_no_ans": 59.34959349593496}