{"average_exact_match": 67.64705882352942, "average_f1": 80.45151393890892, "exact_match_has_ans": 67.6470588235294, "f1_has_ans": 80.45151393890892, "exact_match_no_ans": 0, "f1_no_ans": 0}