{"average_exact_match": 65.85365853658537, "average_f1": 65.85365853658537, "exact_match_has_ans": 0, "f1_has_ans": 0, "exact_match_no_ans": 65.85365853658537, "f1_no_ans": 65.85365853658537}