{"exact_match": 93.08943089430895, "f1": 93.08943089430895, "total": 246, "exact_match_no_ans": 93.08943089430895, "f1_no_ans": 93.08943089430895, "total_no_ans": 246, "best_exact": 100.0, "best_exact_thresh": 0.0, "best_f1": 100.0, "best_f1_thresh": 0.0}