{"average_exact_match": 72.76422764227642, "average_f1": 72.76422764227642, "exact_match_has_ans": 0, "f1_has_ans": 0, "exact_match_no_ans": 72.76422764227642, "f1_no_ans": 72.76422764227642}