{"average_exact_match": 36.760426770126095, "average_f1": 41.65408694542395, "exact_match_has_ans": 17.316692667706707, "f1_has_ans": 25.187774790533684, "exact_match_no_ans": 68.71794871794872, "f1_no_ans": 68.71794871794872}