{"average_exact_match": 42.857142857142854, "average_f1": 52.32392957182873, "exact_match_has_ans": 42.857142857142854, "f1_has_ans": 52.323929571828735, "exact_match_no_ans": 0, "f1_no_ans": 0}