{"average_exact_match": 64.94567506106291, "average_f1": 71.70720738278305, "exact_match_has_ans": 44.38259109311741, "f1_has_ans": 57.9250460957799, "exact_match_no_ans": 85.44995794785534, "f1_no_ans": 85.44995794785534}