{"exact_match": 48.319327731092436, "f1": 54.073629451780725, "total": 238, "exact_match_has_ans": 48.319327731092436, "f1_has_ans": 54.073629451780725, "total_has_ans": 238, "best_exact": 48.319327731092436, "best_exact_thresh": -0.039235711097717285, "best_f1": 54.073629451780725, "best_f1_thresh": -0.039235711097717285, "ap_pr_exact": 42.600215326264596, "ap_pr_f1": 50.028528267058356, "ap_pr_oracle": 100.0}