{"average_exact_match": 67.88617886178862, "average_f1": 67.88617886178862, "exact_match_has_ans": 0, "f1_has_ans": 0, "exact_match_no_ans": 67.88617886178862, "f1_no_ans": 67.88617886178862}