{"average_exact_match": 37.53637245392822, "average_f1": 37.53643790143867, "exact_match_has_ans": 1.24804992199688, "f1_has_ans": 1.2481551893654694, "exact_match_no_ans": 97.17948717948718, "f1_no_ans": 97.17948717948718}