{"average_exact_match": 36.17846750727449, "average_f1": 41.21524142871033, "exact_match_has_ans": 18.564742589703588, "f1_has_ans": 26.666012344774337, "exact_match_no_ans": 65.12820512820512, "f1_no_ans": 65.12820512820512}