{"average_exact_match": 68.90756302521008, "average_f1": 80.95171401894092, "exact_match_has_ans": 68.90756302521008, "f1_has_ans": 80.9517140189409, "exact_match_no_ans": 0, "f1_no_ans": 0}