{"average_exact_match": 62.19512195121951, "average_f1": 62.19512195121951, "exact_match_has_ans": 0, "f1_has_ans": 0, "exact_match_no_ans": 62.19512195121951, "f1_no_ans": 62.19512195121951}