{"average_exact_match": 66.38655462184873, "average_f1": 79.34240362811794, "exact_match_has_ans": 66.38655462184875, "f1_has_ans": 79.34240362811794, "exact_match_no_ans": 0, "f1_no_ans": 0}