{"average_exact_match": 37.39495798319328, "average_f1": 50.9357076163799, "exact_match_has_ans": 37.39495798319328, "f1_has_ans": 50.9357076163799, "exact_match_no_ans": 0, "f1_no_ans": 0}