,valid,english_dev_tydiqa_filterd,ACE-whQA-IDK-competitive,ACE-whQA-IDK-non-competitive,ACE-whQA-has-answer
squad2,81.5959550873377,28.08425702255985,0,0,54.08227246241404
squad_crqda,77.33023747534891,25.616276175140683,0,0,54.073629451780725
squad_unansq,74.20346605621195,26.33954845940495,0,0,71.46858743497398
squad_antonyms_ppl,81.85678858947881,26.270385975098083,0,0,78.4927607406599
squad_entities_one,78.11695701393228,25.064379261930178,0,0,75.93573793153625
