,valid,english_dev_tydiqa_filterd,ACE-whQA-IDK-competitive,ACE-whQA-IDK-non-competitive,ACE-whQA-has-answer
squad2,76.3581234734271,23.47235693501455,2.8,6.097560975609756,32.35294117647059
squad_crqda,76.83820432915017,28.709990300678953,64.0,93.08943089430895,48.319327731092436
squad_unansq,77.65518403099469,30.164888457807955,47.2,77.64227642276423,65.54621848739495
squad_antonyms_ppl,77.90785816558578,23.569350145489814,32.0,58.53658536585366,69.74789915966386
squad_entities_one,79.11227154046998,26.576139670223085,18.8,28.048780487804876,62.60504201680672
