,valid,english_dev_tydiqa_filterd,ACE-whQA-IDK-competitive,ACE-whQA-IDK-non-competitive,ACE-whQA-has-answer
squad2,79.36501488736953,29.293897916062917,2.8,6.097560975609756,54.08227246241404
squad_crqda,79.83775353776367,33.870061133137895,64.0,93.08943089430895,54.073629451780725
squad_unansq,80.33168927661282,35.483657189600926,47.2,77.64227642276423,71.46858743497398
squad_antonyms_ppl,81.02813465496763,28.74812551895041,32.0,58.53658536585366,78.4927607406599
squad_entities_one,82.04980385568862,31.2960883675046,18.8,28.048780487804876,75.93573793153625
