,valid,english_dev_tydiqa_filterd,ACE-whQA-IDK-competitive,ACE-whQA-IDK-non-competitive,ACE-whQA-has-answer
squad2,75.57354925775978,18.720748829953198,0,0,32.35294117647059
squad_crqda,71.32253711201079,17.316692667706707,0,0,48.319327731092436
squad_unansq,68.84278002699055,17.784711388455538,0,0,65.54621848739495
squad_antonyms_ppl,75.60728744939271,17.940717628705148,0,0,69.74789915966386
squad_entities_one,72.23346828609986,17.472698907956318,0,0,62.60504201680672
