,valid,english_dev_tydiqa_filterd,ACE-whQA-IDK-competitive,ACE-whQA-IDK-non-competitive,ACE-whQA-has-answer
squad2,77.14045416316232,31.28205128205128,2.8,6.097560975609756,0
squad_crqda,82.3380992430614,47.43589743589744,64.0,93.08943089430895,0
squad_unansq,86.44238856181666,50.51282051282051,47.2,77.64227642276423,0
squad_antonyms_ppl,80.20185029436502,32.82051282051282,32.0,58.53658536585366,0
squad_entities_one,85.97140454163163,41.53846153846154,18.8,28.048780487804876,0
