{"average_exact_match": 13.025210084033615, "average_f1": 17.65451635199534, "exact_match_has_ans": 13.025210084033613, "f1_has_ans": 17.65451635199534, "exact_match_no_ans": 0, "f1_no_ans": 0}