{"exact_match": 77.64227642276423, "f1": 77.64227642276423, "total": 246, "exact_match_no_ans": 77.64227642276423, "f1_no_ans": 77.64227642276423, "total_no_ans": 246, "best_exact": 100.0, "best_exact_thresh": 0.0, "best_f1": 100.0, "best_f1_thresh": 0.0}