{"average_exact_match": 71.33833066621746, "average_f1": 79.50016507480122, "exact_match_has_ans": 52.918353576248315, "f1_has_ans": 69.26542846375081, "exact_match_no_ans": 89.70563498738436, "f1_no_ans": 89.70563498738436}