{"average_exact_match": 70.32520325203252, "average_f1": 70.32520325203252, "exact_match_has_ans": 0, "f1_has_ans": 0, "exact_match_no_ans": 70.32520325203252, "f1_no_ans": 70.32520325203252}