,squad2-devset, tydiqa_devset ,ACE-whQA-has-answer,ACE-whQA-IDK-competitive,ACE-whQA-IDK-non-competitive
squad2,63.444669365722,18.252730109204368,68.90756302521008,0,0
squad_crqda,63.394062078272604,18.564742589703588,66.38655462184875,0,0
squad_unansq,63.09041835357625,18.564742589703588,67.6470588235294,0,0
squad_entities_one,61.993927125506076,17.316692667706707,70.58823529411765,0,0
squad_antonyms_ppl,63.02294197031039,17.472698907956318,69.74789915966386,0,0
