,squad2-devset, tydiqa_devset ,ACE-whQA-has-answer,ACE-whQA-IDK-competitive,ACE-whQA-IDK-non-competitive
squad2,80.41366894943542,39.835308816248336,80.95171401894092,35.199999999999996,72.76422764227642
squad_crqda,80.56377180896888,41.21524142871033,79.34240362811794,36.8,70.32520325203252
squad_unansq,80.36432750239449,40.3614748019686,80.45151393890892,34.4,70.32520325203252
squad_entities_one,80.99143704757347,41.65408694542395,80.87068160597572,38.4,74.79674796747967
squad_antonyms_ppl,80.8509056051602,40.16678802665119,82.01075301915638,30.4,65.85365853658537
