,squad2-devset, tydiqa_devset ,ACE-whQA-has-answer,ACE-whQA-IDK-competitive,ACE-whQA-IDK-non-competitive
squad2,78.28129072817929,26.78658875125122,80.9517140189409,0,0
squad_crqda,78.32889046691761,26.666012344774337,79.34240362811794,0,0
squad_unansq,77.99690628136469,26.384837005974447,80.45151393890892,0,0
squad_entities_one,76.06466465348174,25.187774790533684,80.87068160597572,0,0
squad_antonyms_ppl,77.21707190453223,25.75968557796783,82.01075301915638,0,0
