,squad2-devset, tydiqa_devset ,ACE-whQA-has-answer,ACE-whQA-IDK-competitive,ACE-whQA-IDK-non-competitive
squad2,82.53994953742641,61.282051282051285,0,35.2,72.76422764227642
squad_crqda,82.79226240538267,65.12820512820512,0,36.8,70.32520325203252
squad_unansq,82.72497897392768,63.333333333333336,0,34.4,70.32520325203252
squad_entities_one,85.90412111017662,68.71794871794872,0,38.4,74.79674796747967
squad_antonyms_ppl,84.47434819175778,63.84615384615385,0,30.4,65.85365853658537
