,squad2-devset, tydiqa_devset ,ACE-whQA-has-answer,ACE-whQA-IDK-competitive,ACE-whQA-IDK-non-competitive
squad2,73.00597995451865,34.52958292919496,68.90756302521008,35.199999999999996,72.76422764227642
squad_crqda,73.10704960835508,36.17846750727449,66.38655462184873,36.8,70.32520325203252
squad_unansq,72.9217552429883,35.499515033947624,67.64705882352942,34.4,70.32520325203252
squad_entities_one,73.96614166596478,36.760426770126095,70.58823529411765,38.4,74.79674796747967
squad_antonyms_ppl,73.76400235829192,35.014548981571295,69.74789915966386,30.4,65.85365853658537
