{"exact_match": 28.048780487804876, "f1": 28.048780487804876, "total": 246, "exact_match_no_ans": 28.048780487804876, "f1_no_ans": 28.048780487804876, "total_no_ans": 246, "best_exact": 100.0, "best_exact_thresh": 0.0, "best_f1": 100.0, "best_f1_thresh": 0.0}