{"average_exact_match": 54.800000000000004, "average_f1": 54.800000000000004, "exact_match_has_ans": 0, "f1_has_ans": 0, "exact_match_no_ans": 54.8, "f1_no_ans": 54.8}