{"exact_match": 62.60504201680672, "f1": 75.93573793153625, "total": 238, "exact_match_has_ans": 62.60504201680672, "f1_has_ans": 75.93573793153625, "total_has_ans": 238, "best_exact": 62.60504201680672, "best_exact_thresh": -1.734241247177124, "best_f1": 75.93573793153625, "best_f1_thresh": -1.0815931558609009, "ap_pr_exact": 47.03460788241938, "ap_pr_f1": 66.70614643424172, "ap_pr_oracle": 100.0}