{"exact_match": 23.47235693501455, "f1": 29.293897916062917, "total": 1031, "exact_match_has_ans": 18.720748829953198, "f1_has_ans": 28.08425702255985, "total_has_ans": 641, "exact_match_no_ans": 31.28205128205128, "f1_no_ans": 31.28205128205128, "total_no_ans": 390, "best_exact": 38.11833171677983, "best_exact_thresh": -19.15790104866028, "best_f1": 40.12984311868131, "best_f1_thresh": -10.526344567537308, "ap_pr_exact": 3.1802849193880496, "ap_pr_f1": 7.26487750260729, "ap_pr_oracle": 75.72220756221711}