,valid,english_dev_tydiqa_filterd,ACE-whQA-IDK-competitive,ACE-whQA-IDK-non-competitive,ACE-whQA-has-answer
squad2,79.50767431660317,37.50410683128025,50.8,62.19512195121951,52.32392957182873
squad_crqda,65.77753269639666,37.476151394677096,83.2,88.6178861788618,17.65451635199534
squad_unansq,80.68842271918633,37.53643790143867,61.6,70.32520325203252,47.77844471121785
squad_antonyms_ppl,80.29319575960173,37.633431111913936,49.6,59.34959349593496,65.09103641456585
squad_entities_one,78.92024045124019,37.36899699072347,54.800000000000004,67.88617886178862,50.9357076163799
