,valid,english_dev_tydiqa_filterd,ACE-whQA-IDK-competitive,ACE-whQA-IDK-non-competitive,ACE-whQA-has-answer
squad2,56.309041835357625,1.24804992199688,0,0,42.857142857142854
squad_crqda,31.865721997300945,1.0920436817472698,0,0,13.025210084033613
squad_unansq,57.99595141700405,1.24804992199688,0,0,34.87394957983193
squad_antonyms_ppl,56.66329284750337,1.24804992199688,0,0,50.42016806722689
squad_entities_one,51.48448043184885,0.62402496099844,0,0,37.39495798319328
