,valid,english_dev_tydiqa_filterd,ACE-whQA-IDK-competitive,ACE-whQA-IDK-non-competitive,ACE-whQA-has-answer
squad2,84.97897392767031,96.92307692307692,50.8,62.19512195121951,0
squad_crqda,88.61227922624053,97.43589743589743,83.2,88.6178861788618,0
squad_unansq,85.28174936921783,97.17948717948718,61.6,70.32520325203252,0
squad_antonyms_ppl,86.13961312026913,97.43589743589743,49.6,59.34959349593496,0
squad_entities_one,89.53742640874684,97.6923076923077,54.8,67.88617886178862,0
