,valid,english_dev_tydiqa_filterd,ACE-whQA-IDK-competitive,ACE-whQA-IDK-non-competitive,ACE-whQA-has-answer
squad2,70.66453297397456,37.43937924345296,50.8,62.19512195121951,42.857142857142854
squad_crqda,60.27962604228081,37.53637245392822,83.2,88.6178861788618,13.025210084033615
squad_unansq,71.65838457003285,37.53637245392822,61.6,70.32520325203252,34.87394957983193
squad_antonyms_ppl,71.42255537774783,37.63336566440349,49.6,59.34959349593496,50.42016806722689
squad_entities_one,70.53819590667902,37.34238603297769,54.800000000000004,67.88617886178862,37.39495798319328
