,valid,english_dev_tydiqa_filterd,ACE-whQA-IDK-competitive,ACE-whQA-IDK-non-competitive,ACE-whQA-has-answer
squad2,74.02068440638148,1.352159349531876,0,0,52.323929571828735
squad_crqda,42.87730190693617,0.995182664449435,0,0,17.65451635199534
squad_unansq,76.08192357370098,1.2481551893654694,0,0,47.77844471121785
squad_antonyms_ppl,74.4300123572455,1.2481551893654694,0,0,65.09103641456585
squad_entities_one,68.27260709810642,0.6668266730669226,0,0,50.9357076163799
