{"average_exact_match": 37.34238603297769, "average_f1": 37.36899699072347, "exact_match_has_ans": 0.62402496099844, "f1_has_ans": 0.6668266730669226, "exact_match_no_ans": 97.6923076923077, "f1_no_ans": 97.6923076923077}