{"average_exact_match": 35.199999999999996, "average_f1": 35.199999999999996, "exact_match_has_ans": 0, "f1_has_ans": 0, "exact_match_no_ans": 35.2, "f1_no_ans": 35.2}