{"exact_match": 6.097560975609756, "f1": 6.097560975609756, "total": 246, "exact_match_no_ans": 6.097560975609756, "f1_no_ans": 6.097560975609756, "total_no_ans": 246, "best_exact": 100.0, "best_exact_thresh": 0.0, "best_f1": 100.0, "best_f1_thresh": 0.0}