{"average_exact_match": 72.71119346416238, "average_f1": 81.13418618199174, "exact_match_has_ans": 56.61268556005398, "f1_has_ans": 73.48282600181982, "exact_match_no_ans": 88.7636669470143, "f1_no_ans": 88.7636669470143}