{"average_exact_match": 70.58823529411765, "average_f1": 80.87068160597572, "exact_match_has_ans": 70.58823529411765, "f1_has_ans": 80.87068160597572, "exact_match_no_ans": 0, "f1_no_ans": 0}