{"average_exact_match": 88.6178861788618, "average_f1": 88.6178861788618, "exact_match_has_ans": 0, "f1_has_ans": 0, "exact_match_no_ans": 88.6178861788618, "f1_no_ans": 88.6178861788618}