{"exact_match": 23.569350145489814, "f1": 28.74812551895041, "total": 1031, "exact_match_has_ans": 17.940717628705148, "f1_has_ans": 26.270385975098083, "total_has_ans": 641, "exact_match_no_ans": 32.82051282051282, "f1_no_ans": 32.82051282051282, "total_no_ans": 390, "best_exact": 39.18525703200776, "best_exact_thresh": -14.324882984161377, "best_f1": 41.49270272430646, "best_f1_thresh": -10.267935276031494, "ap_pr_exact": 3.997110131975664, "ap_pr_f1": 8.191458339058824, "ap_pr_oracle": 77.60984391381616}