{"exact_match": 69.74789915966386, "f1": 78.4927607406599, "total": 238, "exact_match_has_ans": 69.74789915966386, "f1_has_ans": 78.4927607406599, "total_has_ans": 238, "best_exact": 69.74789915966386, "best_exact_thresh": -0.1065225601196289, "best_f1": 78.49276074065993, "best_f1_thresh": -0.1065225601196289, "ap_pr_exact": 56.003342617640826, "ap_pr_f1": 69.60281437667982, "ap_pr_oracle": 100.0}