{"average_exact_match": 37.43937924345296, "average_f1": 37.50410683128025, "exact_match_has_ans": 1.24804992199688, "f1_has_ans": 1.352159349531876, "exact_match_no_ans": 96.92307692307692, "f1_no_ans": 96.92307692307692}