{"average_exact_match": 71.05196664701423, "average_f1": 79.67457507239934, "exact_match_has_ans": 56.14035087719298, "f1_has_ans": 73.41029518127485, "exact_match_no_ans": 85.92094196804037, "f1_no_ans": 85.92094196804037}