{"average_exact_match": 35.014548981571295, "average_f1": 40.16678802665119, "exact_match_has_ans": 17.472698907956318, "f1_has_ans": 25.75968557796783, "exact_match_no_ans": 63.84615384615385, "f1_no_ans": 63.84615384615385}