{"average_exact_match": 37.63336566440349, "average_f1": 37.633431111913936, "exact_match_has_ans": 1.24804992199688, "f1_has_ans": 1.2481551893654694, "exact_match_no_ans": 97.43589743589743, "f1_no_ans": 97.43589743589743}