{"average_exact_match": 72.41640697380612, "average_f1": 81.25810995112221, "exact_match_has_ans": 56.73076923076923, "f1_has_ans": 74.43953094630126, "exact_match_no_ans": 88.05719091673676, "f1_no_ans": 88.05719091673676}