{"exact_match": 28.709990300678953, "f1": 33.870061133137895, "total": 1031, "exact_match_has_ans": 17.316692667706707, "f1_has_ans": 25.616276175140683, "total_has_ans": 641, "exact_match_no_ans": 47.43589743589744, "f1_no_ans": 47.43589743589744, "total_no_ans": 390, "best_exact": 39.9612027158099, "best_exact_thresh": -8.261116802692413, "best_f1": 41.90997669140455, "best_f1_thresh": -6.272195041179657, "ap_pr_exact": 4.840591202826116, "ap_pr_f1": 9.446741777331331, "ap_pr_oracle": 76.61300650609317}