{"average_exact_match": 50.42016806722689, "average_f1": 65.09103641456585, "exact_match_has_ans": 50.42016806722689, "f1_has_ans": 65.09103641456585, "exact_match_no_ans": 0, "f1_no_ans": 0}