{"exact_match": 30.164888457807955, "f1": 35.483657189600926, "total": 1031, "exact_match_has_ans": 17.784711388455538, "f1_has_ans": 26.33954845940495, "total_has_ans": 641, "exact_match_no_ans": 50.51282051282051, "f1_no_ans": 50.51282051282051, "total_no_ans": 390, "best_exact": 41.80407371483996, "best_exact_thresh": -5.844573259353638, "best_f1": 44.0062104727714, "best_f1_thresh": -5.325812935829163, "ap_pr_exact": 5.571720274493446, "ap_pr_f1": 11.53493848384149, "ap_pr_oracle": 82.18878464827245}