{"average_exact_match": 34.52958292919496, "average_f1": 39.835308816248336, "exact_match_has_ans": 18.252730109204368, "f1_has_ans": 26.78658875125122, "exact_match_no_ans": 61.282051282051285, "f1_no_ans": 61.282051282051285}