{"exact_match": 65.54621848739495, "f1": 71.46858743497398, "total": 238, "exact_match_has_ans": 65.54621848739495, "f1_has_ans": 71.46858743497398, "total_has_ans": 238, "best_exact": 65.54621848739495, "best_exact_thresh": -0.14942646026611328, "best_f1": 71.468587434974, "best_f1_thresh": -0.14942646026611328, "ap_pr_exact": 54.91543675814685, "ap_pr_f1": 64.74078657349277, "ap_pr_oracle": 100.0}