{"exact_match": 26.576139670223085, "f1": 31.2960883675046, "total": 1031, "exact_match_has_ans": 17.472698907956318, "f1_has_ans": 25.064379261930178, "total_has_ans": 641, "exact_match_no_ans": 41.53846153846154, "f1_no_ans": 41.53846153846154, "total_no_ans": 390, "best_exact": 39.37924345295829, "best_exact_thresh": -7.9885010570287704, "best_f1": 42.09295621088532, "best_f1_thresh": -7.219147235155106, "ap_pr_exact": 3.6640947832343818, "ap_pr_f1": 7.6276237578276715, "ap_pr_oracle": 77.88191406835867}