{"average_exact_match": 34.87394957983193, "average_f1": 47.77844471121785, "exact_match_has_ans": 34.87394957983193, "f1_has_ans": 47.77844471121785, "exact_match_no_ans": 0, "f1_no_ans": 0}