{"average_exact_match": 35.499515033947624, "average_f1": 40.3614748019686, "exact_match_has_ans": 18.564742589703588, "f1_has_ans": 26.384837005974447, "exact_match_no_ans": 63.333333333333336, "f1_no_ans": 63.333333333333336}