{"exact_match": 32.35294117647059, "f1": 54.08227246241404, "total": 238, "exact_match_has_ans": 32.35294117647059, "f1_has_ans": 54.08227246241404, "total_has_ans": 238, "best_exact": 32.35294117647059, "best_exact_thresh": -3.783359657973051, "best_f1": 54.08227246241406, "best_f1_thresh": -3.0196454040706158, "ap_pr_exact": 19.018374984273635, "ap_pr_f1": 37.71930196627683, "ap_pr_oracle": 100.0}