{"exact_match": 58.53658536585366, "f1": 58.53658536585366, "total": 246, "exact_match_no_ans": 58.53658536585366, "f1_no_ans": 58.53658536585366, "total_no_ans": 246, "best_exact": 100.0, "best_exact_thresh": 0.0, "best_f1": 100.0, "best_f1_thresh": 0.0}