{"average_exact_match": 37.53637245392822, "average_f1": 37.476151394677096, "exact_match_has_ans": 1.0920436817472698, "f1_has_ans": 0.995182664449435, "exact_match_no_ans": 97.43589743589743, "f1_no_ans": 97.43589743589743}