{"average_exact_match": 74.79674796747967, "average_f1": 74.79674796747967, "exact_match_has_ans": 0, "f1_has_ans": 0, "exact_match_no_ans": 74.79674796747967, "f1_no_ans": 74.79674796747967}