{"average_exact_match": 69.74789915966386, "average_f1": 82.01075301915638, "exact_match_has_ans": 69.74789915966386, "f1_has_ans": 82.01075301915638, "exact_match_no_ans": 0, "f1_no_ans": 0}